Job Title,Company,Location,Salary,Posting Date,Extract Date,Summary,Job Url
,Setfive Consulting,"Cambridge, MA 02139 (Riverside area)","1-2 years professional Angular experience.
B.S. in Computer Science, Software Engineering or Computer Engineering from a 4 year university preferred.","$60,000 - $90,000 a year",EmployerActive 3 days ago,2022-07-25,https://www.indeed.com/pagead/clk?mo=r&ad=-6NYlbfkN0By7rTC3PWkwdblAzS-0B5FCr1UVXLZOjzXSk8Ch_PIhrOJfjaj7etWgU76dUcb5kpncoi77kquvi6rWDXvvrspbBEglyfKNULrgoPsc4T5npzl0wmA6dkzd4VpVVLBBGxSUQewo7sRz6kcbEVk42bxzODFnn_IHA1RH7UQnhXmHG2N9GkA5UykF1-wsCZOvijIMRI2lbrYucu7KpLozREGx5Gn0DNltYXam_zhllIYdMEewg2TBdKYGssk1YrOE1N3R2lWO_qKyX-RYkxleRdrsaiyosATTEdXWx8JuHHT0bxHFSpmCoCupJ2biShRQ1Ur2_PIYQlUR0QN69o-Byd0sndPkQq-PmOLu6aSyHgJb9Sx8pVPQPkPC5zHOqufThgwgp1jcwAYNwesGrtFFWbAgP4ejm1LRwNdsRGoXiE5ldujHLIc_Qw-nglYxHWhEsyviGfbcyXFAa6dY8HmknXHClj5GonUWh1xwgdV9J5Lhc0l5PSqmJQs&xkcb=SoCi-_M3baearO2YCZ0LbzkdCdPP&p=0&fvj=1&vjs=3
,NetCapital,"Boston, MA","SEC-registered and FINRA-member Funding Portal.
Empowering investors to control their portfolios.
Bachelor’s degree in Computer Science or Engineering.",,PostedPosted 30+ days ago,2022-07-25,https://www.indeed.com/rc/clk?jk=37ff2cd0ca986b72&fccid=80dc3e5980f3310f&vjs=3
,UniversityWafer Inc.,"Boston, MA 02127 (South Boston area)","Sign on bonus available - $500*.
Design and develop code using C# and VB.NET.
Additional experience with HTML5, CSS, ASPX, SQL and PHP.",$25 - $45 an hour,EmployerActive 3 days ago,2022-07-25,https://www.indeed.com/company/UniversityWafer-Inc./jobs/Junior-Web-Developer-11a9dacc19e25be7?fccid=7509cc361fd28f55&vjs=3
,QSimulate,"Boston, MA 02135 (Brighton area)","These tools are being used in such areas as Drug Discovery, Materials Science, and AI.
Demonstrated proficiency in python required.
Experience with CI/CD tools.",,EmployerActive 4 days ago,2022-07-25,https://www.indeed.com/company/QSimulate/jobs/Junior-Software-Engineer-75d83801d2093a4a?fccid=e26177525f84d36f&vjs=3
,Group Delphi,"Remote in Boston, MA","Software Engineer 1 will be responsible for writing code, writing tests, investigating, and fixing bugs.
The position reports to the Lead Software Engineer and…",,PostedPosted 30+ days ago,2022-07-25,https://www.indeed.com/company/Group-Delphi/jobs/Junior-Software-Developer-ed0e91f75a4e027f?fccid=95a60db115e76460&vjs=3
,"Evergreen Technologies, LLC.","Remote in Boston, MA","Bachelor of Science in Computer Science, Informatics, Information Technology or equivalent work experience.
Requires minimum of 5 years of experience in working…",,PostedPosted 6 days ago,2022-07-25,https://www.indeed.com/rc/clk?jk=083996a6c43a2d1c&fccid=506bdb7ba382e227&vjs=3
,Data Ductus,"Boston, MA","With the senior members of our team, you will tune best practices for software development using such tools as BitBucket, Jira, Trello, and Jenkins, and you…",,PostedPosted 30+ days ago,2022-07-25,https://www.indeed.com/rc/clk?jk=e2baaaa8500d23a2&fccid=cba50e42f8f51b03&vjs=3
,Nou Systems Inc,"Remote in Lexington, MA 02420","You must have a bachelor’s degree at minimum, in a technical field such as Computer Science, Mathematics, or Physical Science, or the equivalent relevant…","$56,200 - $118,600 a year",PostedPosted 30+ days ago,2022-07-25,https://www.indeed.com/rc/clk?jk=989ec88e28ac27b7&fccid=2970d72f040bc378&vjs=3
,Data Ductus,"Boston, MA","We are software engineers with a passion to solve technically challenging problems in agile, scalable teams using the latest tools and languages.",,PostedPosted 30+ days ago,2022-07-25,https://www.indeed.com/rc/clk?jk=3ad05fd643c78d94&fccid=cba50e42f8f51b03&vjs=3
,Humana,"Remote in Boston, MA 02210",The Software Engineer 2 work assignments are varied and frequently require interpretation and independent determination of the appropriate courses of action.,,PostedPosted 2 days ago,2022-07-25,https://www.indeed.com/rc/clk?jk=cbb03c6fad61f923&fccid=5f1f0e6dcc6cbc83&vjs=3
,Bindable,"Boston, MA 02109 (Central area)","They will be working closely with Bindable’s Product Design and Engineering teams to bring intuitive user experiences to life.
Good comfort level on a Mac.",,PostedPosted 4 days ago,2022-07-25,https://www.indeed.com/rc/clk?jk=7b3889437b783dea&fccid=f58c4449f52b0363&vjs=3
,Dtiq Technologies Inc,"Framingham, MA 01701",The Junior Front-End Developer is responsible for designing dynamic web applications for DTiQ’s internal and customer facing applications.,,PostedPosted 30+ days ago,2022-07-25,https://www.indeed.com/rc/clk?jk=2c227e22f40a4b68&fccid=dd616958bd9ddc12&vjs=3
,CyberCoders,"Remote in Boston, MA 02127","REMOTE CONTRACT TO HIRE - PHP Developer (Junior Level).
This position will be a Contract-to-Hire after a 3 - 6 month contract length.",$30 - $40 an hour,PostedPosted 2 days ago,2022-07-25,https://www.indeed.com/pagead/clk?mo=r&ad=-6NYlbfkN0CpFJQzrgRR8WqXWK1qKKEqALWJw739KlKqr2H-MSI4eoBlI4EFrmor2FYZMP3muM0rsFs5SITX9bKJpkj3olSfsq15K4KP961jFbk_4B6VT98OCmJLIUb-x1eP_QlOS5i8xMKU-NXHhMggITrGLgGzCNwzSEyD3FA_eCCi1cRPJeOf1hFoH23QZi4p6rt6jjYKTz4JkEaR6cxHb18RhFP0WYcDzkaeewfrQZsffx76OcYpgBCDHuUP3VOeFUZ_MkKDkbm3PrAeooZkVQO6Tdh1VRxlxywucTIlIFvvZY1cS0mL7zpN2t06VStOZ76_Wv5m9V8RG6WAun-T3TtMVlmT7YEP6s8U6Idxg_jkj6xfWN7GLYj5koTLCllMXw_U-oQqzYaTvGW_0FCMAnIs5LqcLLxZtK8oPU0lRffFKAHyr8PpjzHV7yPAE9Bx7AZsPWo81s6nMk6pFA-tO5AqjhhhD3Uyxt5mrieuJu-PcU0R5Lt3TWrDLWqpngGZEFG6R_Xhw95f_VRMP7FK2eQD1avqwvmcbXIFFLl9fwxbdLB6S2yLLfnWnOEMqiuTmd3fMjElBod_fGkwmYHteE13k03z2Y-47H3lK7fwo6H4zOZkXafT8X__YoTObxCeBhJpxg5HpBysu5gRAo-T4W1V_9Q1nNRzlqiBwp66xaK_lSR1sru2cQRI-rNyhSrjN2h12VZgrKiJhdGjzQHBPHkxSLWxNNUAU4CnSqMq52Zcuw0RD0QE0XNoJP8B0ATusOiaLzBZ90naLTZr5GzUTkjkXioTkXq4c-8q-KWao6RjRFOIDw_Eu7qEBUTtR-o-yqYn9w2OLfhm5M8o2qg68mCeEY5CY1FH5GwQpYlKGUBfTxIO0X-fXp7q2URxK7hnmYPkSBMgp-n1DaC3jV4Fwe6ghz56-baH11MciQDgXJw8Fu7C_1yeaDdKssrz6g1Upr3Tl2e4NCne1ug4Ayay7hgjPhC-9b7mqFiGjR-OqrzW0YuAEW0VjKpud1eF1yvCSACekMwsZ0Ok7_j9bQ==&xkcb=SoCa-_M3baearI2YCZ0LbzkdCdPP&p=12&fvj=0&vjs=3
,JD Software Inc.,"Salem, MA 01970","Analyze user needs, design and develop software solutions for client use with the aim of optimizing operational efficiency.",,PostedPosted 30+ days ago,2022-07-25,https://www.indeed.com/rc/clk?jk=2a28145b169d08b4&fccid=bce027bcdd54e22f&vjs=3
,Akuna Capital,"Boston, MA","The team also collaborates with other Quant and Trading groups on projects that encompass data collection, statistical analysis, and strategy optimization.",,PostedPosted 11 days ago,2022-07-25,https://www.indeed.com/rc/clk?jk=4b3d4f697dfa5ac7&fccid=53708619218b979f&vjs=3
,Draper,"Cambridge, MA","Draper supports many programs to improve work-life balance including workplace flexibility, employee clubs ranging from photography to yoga, health and finance…",,PostedPosted 30+ days ago,2022-07-25,https://www.indeed.com/rc/clk?jk=e58feff510901df2&fccid=1784b76683545e00&vjs=3
,Russian School Of Mathematics,"Newton, MA 02459 (Oak Hill area)",Recently featured by NPR and the Atlantic magazine as one of the players in the “Math Revolution” and ranked one of the best schools in the world by the Johns…,,PostedPosted 30+ days ago,2022-07-25,https://www.indeed.com/rc/clk?jk=1e1632db064392ca&fccid=837d60a212211006&vjs=3
,Draper,"Cambridge, MA","Draper supports many programs to improve work-life balance including workplace flexibility, employee clubs ranging from photography to yoga, health and finance…",,PostedPosted 30+ days ago,2022-07-25,https://www.indeed.com/rc/clk?jk=6c8224031b8269d9&fccid=1784b76683545e00&vjs=3
,Embecta,"Andover, MA",Embecta is looking for a full-time Manual QA Tester who will work closely with our engineering and product teams to help drive the QA process and support our…,,PostedPosted 30+ days ago,2022-07-25,https://www.indeed.com/rc/clk?jk=3124e6a4443384f5&fccid=8a2e465b5f87d927&vjs=3
,PTC Inc.,"Boston, MA 02210 (South Boston area)","Our field-proven solutions enable our customers to accelerate product and service innovation, improve operational efficiency, and increase workforce…",,PostedPosted 30+ days ago,2022-07-25,https://www.indeed.com/rc/clk?jk=700f579e4fec40fc&fccid=114d7031274e1ed8&vjs=3
,Quintrix,"Boston, MA","Quintrix is on the lookout for software engineers who are open to up skill to the exciting world of Java Full-Stack Engineering.
2 weeks of Paid Vacation.","$57,000 a year",EmployerActive 24 days ago,2022-07-25,https://www.indeed.com/company/Quintrix/jobs/Entry-Level-Java-Fullstack-Developer-7a6caa4ca1e43c9c?fccid=448c6a409de61c4a&vjs=3
,LogixHealth,"Bedford, MA 01730","The ideal candidate will have good knowledge of software engineering, good interpersonal communication, and understands technical designs and implementations.",,PostedPosted 30+ days ago,2022-07-25,https://www.indeed.com/rc/clk?jk=bc0cd0b59fd2ab37&fccid=71f9bf1e515bdfc4&vjs=3
,Bose,"Framingham, MA","In addition to working with other products, the team fuses our latest multiroom and home streaming speaker technology into a flawless package.",,PostedPosted 23 days ago,2022-07-25,https://www.indeed.com/rc/clk?jk=6a257c0b830c9ed6&fccid=42f1e4ca72488e15&vjs=3
,"Evergreen Technologies, LLC.","Remote in Medford, MA+3 locations","Architect and deploy solutions based on recommendations from client's application assessment tools and processes.
Ensure CI/CD pipeline standards are followed.",,PostedPosted 30+ days ago,2022-07-25,https://www.indeed.com/rc/clk?jk=4700e66b2e25c289&fccid=506bdb7ba382e227&vjs=3
,Tokio Marine HCC,"Wakefield, MA 01880","Tokio Marine HCC - Specialty Group is a market leader in providing specialized insurance products for the sports, entertainment, and promotional industries.",,PostedPosted 30+ days ago,2022-07-25,https://www.indeed.com/rc/clk?jk=df34d538c8f0609b&fccid=228c7dfd08a45e32&vjs=3
,Chenega MIOS,"Boston, MA 02133 (Back Bay-Beacon Hill area)","Maintain underlying services required to host containerized applications.
Lead by example and coach teams using paired development to create infrastructure as…",,PostedPosted 30+ days ago,2022-07-25,https://www.indeed.com/rc/clk?jk=db4305b30f6913cb&fccid=a551c8a932e6f385&vjs=3
,Informa Intelligence,"Boston, MA 02114 (West End area)","We provide fund and wealth managers, traders, insurers, analysts, and investment and retail bankers with the intelligent advantage to make informed decisions,…",,PostedPosted 30+ days ago,2022-07-25,https://www.indeed.com/rc/clk?jk=2343570ba183801d&fccid=d0a3ffcfe2ff7eca&vjs=3
,Castle Hill Gaming,"Boston, MA",The junior software engineer is involved with all parts of the software development cycle ranging from systems architecture and design to coding and testing…,,PostedPosted 23 days ago,2022-07-25,https://www.indeed.com/rc/clk?jk=2cdcd0668ed6f638&fccid=a1f578fddb191b97&vjs=3
,CyberCoders,"Remote in Boston, MA 02127","REMOTE CONTRACT TO HIRE - PHP Developer (Junior Level).
This position will be a Contract-to-Hire after a 3 - 6 month contract length.",$30 - $40 an hour,PostedPosted 2 days ago,2022-07-25,https://www.indeed.com/pagead/clk?mo=r&ad=-6NYlbfkN0CpFJQzrgRR8WqXWK1qKKEqALWJw739KlKqr2H-MSI4eoBlI4EFrmor2FYZMP3muM0rsFs5SITX9bKJpkj3olSfsq15K4KP961jFbk_4B6VT98OCmJLIUb-x1eP_QlOS5i8xMKU-NXHhMggITrGLgGzCNwzSEyD3FA_eCCi1cRPJeOf1hFoH23QgIE5enFDSiMC2Ii4iCbMl2r-_nppHHAlP68IVoWYvTtL_1EUqMhbLjVmyUyEEhcBWOIuzsZM0Eyt3NCzyiLqKq7v6pIDEPIE2vSN2UN0evYAKBP1uklZzf5YNoxpC-DjoDIoa_GdLoeUrTXSejoXKSHOWX_h1YVr_nLECGOy1AGxGbJ8za27zQt0uyK07AU13vBUFOonUewWy4_O6dSRM6u68Q1vjZzWtWC2I49bDLxYgqa_wnrYIMGIXTNQPEGkR2gGJc7Bg4uWmDX7sf_UX-Zaagt0Ad7RfLWsiHRGGOq7GZSULiKPwSuWpC5juKh5TsBtQHC2-8wT7QL4Ga9UvHvGMYTtAbwqG9JQzdCMY13bPwuud-8ChQLJxMu_WeaX3mt7wcMp22nUOucYIuVLDvT-3kN9QhnN7IvcM2d57gluuicgA5YeTu2pKfCDCmxZddqtx9wHo1AfLrzDcv93BfZk4WrWxCvSiSzNYX61Zs0SWkWNQxDTBWQwBoBKg74KjwRzKulHeazFdOmFAFDsRLi2twQsx5HQ9tCGEMabSeQ3VX0FSkZHQutPZwOPAYAVeJKffsXkV4lvLx1u4lz6T6wSHoYGB4wU8MF7e48u1gRYvRiGhwt2dDvybFPLnYI8kw9geJyxJTu6TFCGNuwswyLLL8RNhu7EC1DHo1nRFTJPpBWzv-mVjMVKR0AMuqti_cyMb_VCHXGzJyoPsXNUpxaS6ilPyjZXL_KGnUxIDbKM2vh72J4rf9i-kiJeCaC-fOjoHcUhakVYv1iE-SYJYKHj9dKDn6gAfKgVT0vW8hwJUcHICZ61mlIAuyzk5qNpphmee-NTkCVXB7gBaNPVpw==&xkcb=SoCE-_M3baeZc22kjh0LbzkdCdPP&p=13&fvj=0&vjs=3
,Inetum,"Dorchester, MA", Financial information systems exposure within commercial/consumer banking companies strongly preferred with hands-on experience managing Oracle Hyperion and…,,PostedPosted 30+ days ago,2022-07-25,https://www.indeed.com/rc/clk?jk=522a3eaa44fb3631&fccid=e463fc7104734a53&vjs=3
,UKG (Ultimate Kronos Group),"Hybrid remote in Lowell, MA","Solve interesting problems with code.
Build new features for internal and external users.
Work with a wide range of systems, processes, and technologies to…",,PostedPosted 30+ days ago,2022-07-25,https://www.indeed.com/rc/clk?jk=eda8ab770be702e0&fccid=0d1386ca25efa609&vjs=3
,Amwell,"Remote in Boston, MA","The concepts of immutable containers, infrastructure as code, stateless applications, and software observability are championed throughout the organization.",,PostedPosted 30+ days ago,2022-07-25,https://www.indeed.com/rc/clk?jk=70958afbe8abd426&fccid=e0ad27ea882a268b&vjs=3
,HighRes Biosolutions,"Hybrid remote in Beverly, MA 01915","You will be responsible for all aspects of technical support and maintenance of software, drivers, and protocols on platforms at customer sites and be key to…",,PostedPosted 30+ days ago,2022-07-25,https://www.indeed.com/company/HighRes-Biosolutions/jobs/Junior-Automation-Support-Engineer-28c6b188a5e0c5d7?fccid=20bae98622030fca&vjs=3
,Live Building Systems,United States,"This is an excellent opportunity for a motivated and inquisitive junior level developer or analyst who is looking to not just maintain existing software, but…","$49,374 - $108,223 a year",EmployerActive 2 days ago,2022-07-25,https://www.indeed.com/pagead/clk?mo=r&ad=-6NYlbfkN0C3MHUb_2M1oHg4DmXCTYoxTVDy7dMx7O_VacMhJt1hYD7j5FnHIWQAS-sRyYrNbaX_bfo5ZLpaJcoKlD1WsC_3pHSB-EV5ps9j8R-XNsc0Yep8SO6LnErfcA0hDjJkpSTD2uwPAv22rNO3IqAVBbYv9F2yLtiRWNrXtAvd46PFlBUL1toC0B5G3VkntpUhgi5_mDkKYeyLBy5MAMZsRUJP9rQVeMvlmwb4L1u6j3GM9llAWMaFPjXijw6Iha4re1oGA1l-85WX3z8261OLCnctwBC4lf2h9vmFZwSen7WqrtlahL9rqg3Q2RR_UW8Spkz0M9CFoUiYkqDiEUbMOhq0ojdIbGhm9mz05fJ0qGPpAOciGs2AgIZswCRBF_KT67NzU5sKSqkp9icA90O5inUu3hlnekbK2CssZMEpmkJ3Z-wR4kUhOKrqId8Aa38LOTLNJF6RsVZ5OBTWy1t5HKb3mtoDGAf0OJjf2fCn02zHpr7Zpm_da9Yd&xkcb=SoB1-_M3baeYAI2JbJ0LbzkdCdPP&p=3&fvj=1&vjs=3
,Enhance IT,United States,"Full Time, W-2 Employment, with Free, Paid 6-8 Week course in iOS Development (an Industry-Proof Technology) at Our Headquarters.",From $28 an hour,EmployerActive 3 days ago,2022-07-25,https://www.indeed.com/pagead/clk?mo=r&ad=-6NYlbfkN0AraZfUMCdnJNjJsWHy6D3Ra_0D6GRfEkfGXZiKyoRK-V4ZiQyr9ao7Fx-06IuMZNzDy0pM38t7qFPP3rfRNmCNCY8_JTScK8gyFdtcLfeY0OJuu57J15PLDnXhFsCPdKWXywjAelZFtOoQ9XQFBx87tVfy_-rtCR2tFVfTSw5QqwjuZpr3_HL8qCYSkH76AB3Urma1ATELFQDn04TOhUTpdz-ygFKn4uxByGG4dsJaXtCRhGXpcy8pV2e4GgwuzQPhjmTxZ715xMyeI6IpcZ7VU35EIvC5f0A8FnyJqvsadwdvPBL37-LUHuG61QmstAvZbvy_eCwCzywxiDy0zjfNbax9-4l8f8bHOh7DCKD-Ta5EtBiPeZcr7FhS3Z4oQlwfcOtc6L01datc8P5rspK2RxGGeyRfagr_wClnhT2JXlWMBQYbjL2KXshQBxkFh9bwxb8UspQhkgkl-tzTNcRe9I0fR8LTZKxVcTsxdeLa_eHwIUTIK7oIO-SKyvC7kA0=&xkcb=SoAs-_M3baeYALWJbJ0LbzkdCdPP&p=4&fvj=1&vjs=3
,Enhance IT,United States,"Full Time, W-2 Employment, with Free, Paid 6-8 Week Refresher Course in Android or iOS Mobile Development (an Industry-Proof Technology) at Our Headquarters.",From $30 an hour,EmployerActive 3 days ago,2022-07-25,https://www.indeed.com/pagead/clk?mo=r&ad=-6NYlbfkN0AraZfUMCdnJNjJsWHy6D3Ra_0D6GRfEkfGXZiKyoRK-V4ZiQyr9ao7rbd-MJwx1dXOeo9DuX_EBRjXv78fWjFaq5yikSi-u_jH97H1lYZa4SMiJ3b7VdVwwjf-AjZhjUHwZ_8ZPNp1VNU-EfIRK4q0voGrcmNYbG6tbXNie5EblaG_rs2zxrKrKcielvljilVWCiOI8D17znLhW6RT9b4Zbb9lhOGTu4kty33K4LRo95zaJbJkuROhk8ubQrlgjb4dTK0Pz26-ZwlOZ1kscKvwxQaZhVpEPVdgvoDNhfo6vL8XWRRhGirOHMEj9WqMJDolgswNnJmMb25k0FG37AwMSiPsyy-IqvfNoF7qpuaQCQxedksVwhz9sRcmwJmtOdcP7lFbMCC87Li1PkXTxHYctvpgJnIQBtiG4OyIGGcVUvlncJ5thSRav5ws7vGYloJpD41iuNI7RYvlkQR-R8CPCC7VElATVnwcq2xtu1GzzHAp41ecGzRs&xkcb=SoAF-_M3baeYALWJbJ0JbzkdCdPP&p=5&fvj=1&vjs=3
